EmployerID,EmployerName,Email,Phone
1,"Adkins, Skinner and Mitchell",david94@rivera.com,129.087.8141
2,Stokes-Mills,hernandezmarcus@ayala.org,139-755-2314x913
3,James Inc,tracy98@jones-zimmerman.net,775-949-2995x56205
4,"Brown, Adams and Floyd",susanmeyer@moore.com,364.525.7775
5,Vega-Thomas,nicolealvarado@ward-robinson.org,001-478-129-1428x34110
6,Vaughn LLC,wbarajas@smith.org,099.693.0848x87256
7,Molina Inc,susanfleming@james-hogan.com,942.788.1658
8,Cervantes-Garcia,uscott@johnson-black.com,3928272299
9,"Stevenson, Hancock and Newton",stucker@lee.com,+1-275-037-3145x30385
10,"Price, Dixon and Robles",simsjason@ayala.com,(770)051-8449x8926
11,"Roberts, Beck and House",amandapark@rowe.com,+1-659-184-6386x5577
12,Butler-French,stevensmartin@jones.com,+1-082-723-1843x222
13,"Edwards, Arnold and Smith",andrewsjeremy@russell-hayes.biz,(913)651-7773x926
14,Harris-Melton,ystewart@wilson.com,3029922809
15,Greer-Pruitt,haynescharles@rodriguez.com,(024)286-9904
16,"Mckinney, Richardson and Chapman",kathy76@short-johnson.com,379-772-3692
17,"Morrison, Parsons and Brandt",derekmyers@phillips.com,001-298-425-7991
18,Cole-Lucero,spencerangela@williams.org,662.103.8862
19,Lopez and Sons,fmedina@clark-figueroa.com,+1-127-990-8811x729
20,"Palmer, Bennett and Patterson",robertbrewer@thomas.com,+1-068-650-8637
