SupplierID,SupplierName,ContactEmail,Phone
1,"Richards, Green and Herrera",paulfields@morrow.org,001-357-790-7141x63356
2,"Diaz, Hill and Becker",brownjeffrey@gmail.com,(880)434-1651x827
3,Gutierrez PLC,zarias@douglas.com,539-423-7333x43333
4,White-Hansen,mgonzales@galvan.org,+1-521-117-9080x759
5,King-Parker,emilyward@smith.biz,794-728-4639x20867
6,Schroeder-Sanders,msullivan@hotmail.com,+1-085-627-1875
7,Wyatt Ltd,calhounandrea@gallegos.com,001-003-691-5594x284
8,Adkins Group,shawnpowell@green.net,479.552.7636
9,"Avery, Garcia and Romero",gordonmatthew@pratt.net,001-556-472-9293x143
10,Owen-Mendez,kchurch@yahoo.com,+1-663-227-0267
